{
  "guid": "eb5212ba-b5e0-4aa4-a00c-9ab0cb4d1a5f",
  "name": "TMDB Trailers",
  "description": "Downloads movie trailers from TMDB for your media library",
  "overview": "This plugin automatically searches for and downloads movie trailers from The Movie Database (TMDB) API, organizing them alongside your movie files for enhanced viewing experience.",
  "owner": "kernastra",
  "category": "General",
  "version": "1.0.0.0",
  "changelog": "Initial release with TMDB trailer search and download, automatic file organization, and configurable download settings.",
  "targetAbi": "10.8.13.0",
  "timestamp": "2025-08-03T07:32:07Z"
}
